albatross/001.jpg,albatross
albatross/002.jpg,albatross
albatross/003.jpg,albatross
albatross/004.jpg,albatross
albatross/005.jpg,albatross
albatross/006.jpg,albatross
albatross/007.jpg,albatross
albatross/008.jpg,albatross
albatross/009.jpg,albatross
albatross/010.jpg,albatross
cheetah/001.jpg,cheetah
cheetah/002.jpg,cheetah
cheetah/003.jpg,cheetah
cheetah/004.jpg,cheetah
cheetah/005.jpg,cheetah
cheetah/006.jpg,cheetah
cheetah/007.jpg,cheetah
cheetah/008.jpg,cheetah
cheetah/009.jpg,cheetah
cheetah/010.jpg,cheetah
giraffe/001.jpg,giraffe
giraffe/002.jpg,giraffe
giraffe/003.jpg,giraffe
giraffe/004.jpg,giraffe
giraffe/005.jpg,giraffe
giraffe/006.jpg,giraffe
giraffe/007.jpg,giraffe
giraffe/008.jpg,giraffe
giraffe/009.jpg,giraffe
giraffe/010.jpg,giraffe
ostrich/001.jpg,ostrich
ostrich/002.jpg,ostrich
ostrich/003.jpg,ostrich
ostrich/004.jpg,ostrich
ostrich/005.jpg,ostrich
ostrich/006.jpg,ostrich
ostrich/007.jpg,ostrich
ostrich/008.jpg,ostrich
ostrich/009.jpg,ostrich
ostrich/010.jpg,ostrich
penguin/001.jpg,penguin
penguin/002.jpg,penguin
penguin/003.jpg,penguin
penguin/004.jpg,penguin
penguin/005.jpg,penguin
penguin/006.jpg,penguin
penguin/007.jpg,penguin
penguin/008.jpg,penguin
penguin/009.jpg,penguin
penguin/010.jpg,penguin
tiger/001.jpg,tiger
tiger/002.jpg,tiger
tiger/003.jpg,tiger
tiger/004.jpg,tiger
tiger/005.jpg,tiger
tiger/006.jpg,tiger
tiger/007.jpg,tiger
tiger/008.jpg,tiger
tiger/009.jpg,tiger
tiger/010.jpg,tiger
zebra/001.jpg,zebra
zebra/002.jpg,zebra
zebra/003.jpg,zebra
zebra/004.jpg,zebra
zebra/005.jpg,zebra
zebra/006.jpg,zebra
zebra/007.jpg,zebra
zebra/008.jpg,zebra
zebra/009.jpg,zebra
zebra/010.jpg,zebra
